Binary,Expresso_tts,Num_gates,Optimal_net,Permu_int,Num_in
00000000,0,NAN,NAN,0,0
00000001,"And(x[0], x[1], x[2])",6,"O = NOR(I1, I2),I1 = NOR(c),I2 = NOR(I3),I3 = NOR(I4, I5),I4 = NOR(b),I5 = NOR(a)",127,3
00000010,"And(~x[0], x[1], x[2])",5,"O = NOR(I1, I2),I1 = NOR(b),I2 = NOR(I3),I3 = NOR(I4, c),I4 = NOR(a)",191,3
00000011,"And(x[1], x[2])",3,"O = NOR(I1, I2),I1 = NOR(a, c),I2 = NOR(a, b)",7,2
00000100,"And(x[0], ~x[1], x[2])",5,"O = NOR(I1, I2),I1 = NOR(a),I2 = NOR(I3),I3 = NOR(I4, c),I4 = NOR(b)",191,3
00000101,"And(x[0], x[2])",3,"O = NOR(I1, I2),I1 = NOR(a, c),I2 = NOR(a, b)",7,2
00000110,"Or(And(~x[0], x[1], x[2]), And(x[0], ~x[1], x[2]))",6,"O = NOR(I1, I6),I1 = NOR(I2, I4),I2 = NOR(c, I3),I3 = NOR(c, b),I4 = NOR(b, I3)",159,3
00000111,"Or(And(x[1], x[2]), And(x[0], x[2]))",3,"O = NOR(I1, I2),I1 = NOR(b, c),I2 = NOR(a)",31,3
00001000,"And(~x[0], ~x[1], x[2])",4,"O = NOR(I1, I2),I1 = NOR(a),I2 = NOR(I3),I3 = NOR(b, c)",239,3
00001001,"Or(And(~x[0], ~x[1], x[2]), And(x[0], x[1], x[2]))",7,"O = NOR(I1, I3),I1 = NOR(I2, c),I2 = NOR(b, c),I3 = NOR(I4),I4 = NOR(I5, I6),I5 = NOR(a),I6 = NOR(b, I2)",111,3
00001010,"And(~x[0], x[2])",4,"O = NOR(I1),I1 = NOR(I2, a),I2 = NOR(c, I3),I3 = NOR(b)",11,2
00001011,"Or(And(~x[0], x[2]), And(x[1], x[2]))",4,"O = NOR(I1, I3),I1 = NOR(I2, b),I2 = NOR(c),I3 = NOR(a)",47,3
00001100,"And(~x[1], x[2])",4,"O = NOR(I1),I1 = NOR(I2, a),I2 = NOR(c, I3),I3 = NOR(b)",11,2
00001101,"Or(And(~x[1], x[2]), And(x[0], x[2]))",4,"O = NOR(I1, I3),I1 = NOR(I2, a),I2 = NOR(c),I3 = NOR(b)",47,3
00001110,"Or(And(~x[1], x[2]), And(~x[0], x[2]))",5,"O = NOR(I1),I1 = NOR(I2, I4),I2 = NOR(c, I3),I3 = NOR(a),I4 = NOR(b, I3)",143,3
00001111,x[2],4,"O = NOR(I1),I1 = NOR(a, I2),I2 = NOR(I3),I3 = NOR(b, c)",1,1
00010000,"And(x[0], x[1], ~x[2])",5,"O = NOR(I1, I2),I1 = NOR(a),I2 = NOR(I3),I3 = NOR(I4, b),I4 = NOR(c)",191,3
00010001,"And(x[0], x[1])",3,"O = NOR(I1, I2),I1 = NOR(a, c),I2 = NOR(a, b)",7,2
00010010,"Or(And(x[0], x[1], ~x[2]), And(~x[0], x[1], x[2]))",6,"O = NOR(I1, I6),I1 = NOR(I2, I4),I2 = NOR(b, I3),I3 = NOR(b, c),I4 = NOR(c, I3)",159,3
00010011,"Or(And(x[1], x[2]), And(x[0], x[1]))",3,"O = NOR(I1, I2),I1 = NOR(c, b),I2 = NOR(a)",31,3
00010100,"Or(And(x[0], x[1], ~x[2]), And(x[0], ~x[1], x[2]))",6,"O = NOR(I1, I6),I1 = NOR(I2, I4),I2 = NOR(a, I3),I3 = NOR(a, c),I4 = NOR(c, I3)",159,3
00010101,"Or(And(x[0], x[1]), And(x[0], x[2]))",3,"O = NOR(I1, I2),I1 = NOR(c, a),I2 = NOR(b)",31,3
00010110,"Or(And(x[0], x[1], ~x[2]), And(~x[0], x[1], x[2]), And(x[0], ~x[1], x[2]))",9,"O = NOR(I1, I6),I1 = NOR(I2, I9),I2 = NOR(c, I3),I3 = NOR(c, I4),I4 = NOR(I5, I7),I5 = NOR(b, I6),I6 = NOR(b, a),I7 = NOR(a, I6)",151,3
00010111,"Or(And(x[1], x[2]), And(x[0], x[1]), And(x[0], x[2]))",6,"O = NOR(I1, I5),I1 = NOR(b, I2),I2 = NOR(I3, I4),I3 = NOR(c),I4 = NOR(a),I5 = NOR(a, c)",23,3
00011000,"Or(And(x[0], x[1], ~x[2]), And(~x[0], ~x[1], x[2]))",6,"O = NOR(I1, I5),I1 = NOR(I2, I4),I2 = NOR(b, I3),I3 = NOR(a),I4 = NOR(c, a),I5 = NOR(c, b)",189,3
00011001,"Or(And(~x[0], ~x[1], x[2]), And(x[0], x[1]))",6,"O = NOR(I1, I4),I1 = NOR(I2, a),I2 = NOR(c, I3),I3 = NOR(b),I4 = NOR(c, I5),I5 = NOR(a)",61,3
00011010,"Or(And(~x[0], x[2]), And(x[0], x[1], ~x[2]))",6,"O = NOR(I1, I6),I1 = NOR(I2, I4),I2 = NOR(b, I3),I3 = NOR(b, c),I4 = NOR(c, I3)",155,3
00011011,"Or(And(~x[0], x[2]), And(x[0], x[1]))",4,"O = NOR(I1, I2),I1 = NOR(c, b),I2 = NOR(I3, a),I3 = NOR(b)",27,3
00011100,"Or(And(~x[1], x[2]), And(x[0], x[1], ~x[2]))",6,"O = NOR(I1, I6),I1 = NOR(I2, I4),I2 = NOR(a, I3),I3 = NOR(a, c),I4 = NOR(c, I3)",155,3
00011101,"Or(And(~x[1], x[2]), And(x[0], x[1]))",4,"O = NOR(I1, I2),I1 = NOR(c, a),I2 = NOR(I3, b),I3 = NOR(a)",27,3
00011110,"Or(And(~x[1], x[2]), And(x[0], x[1], ~x[2]), And(~x[0], x[2]))",8,"O = NOR(I1, I6),I1 = NOR(I2, I10),I2 = NOR(I3, I6),I3 = NOR(I4, I5),I4 = NOR(c),I5 = NOR(b),I6 = NOR(a, I3)",135,3
00011111,"Or(x[2], And(x[0], x[1]))",3,"O = NOR(I1, I2),I1 = NOR(a, c),I2 = NOR(a, b)",7,3
00100000,"And(~x[0], x[1], ~x[2])",4,"O = NOR(I1, I2),I1 = NOR(a),I2 = NOR(I3),I3 = NOR(c, b)",239,3
00100001,"Or(And(~x[0], x[1], ~x[2]), And(x[0], x[1], x[2]))",7,"O = NOR(I1, I3),I1 = NOR(I2, b),I2 = NOR(c, b),I3 = NOR(I4),I4 = NOR(I5, I6),I5 = NOR(a),I6 = NOR(c, I2)",111,3
00100010,"And(~x[0], x[1])",4,"O = NOR(I1),I1 = NOR(I2, a),I2 = NOR(c, I3),I3 = NOR(b)",11,2
00100011,"Or(And(~x[0], x[1]), And(x[1], x[2]))",4,"O = NOR(I1, I3),I1 = NOR(I2, c),I2 = NOR(b),I3 = NOR(a)",47,3
00100100,"Or(And(~x[0], x[1], ~x[2]), And(x[0], ~x[1], x[2]))",6,"O = NOR(I1, I5),I1 = NOR(I2, I4),I2 = NOR(c, I3),I3 = NOR(a),I4 = NOR(b, a),I5 = NOR(b, c)",189,3
00100101,"Or(And(~x[0], x[1], ~x[2]), And(x[0], x[2]))",6,"O = NOR(I1, I4),I1 = NOR(I2, a),I2 = NOR(b, I3),I3 = NOR(c),I4 = NOR(b, I5),I5 = NOR(a)",61,3
00100110,"Or(And(~x[0], x[1]), And(x[0], ~x[1], x[2]))",6,"O = NOR(I1, I6),I1 = NOR(I2, I4),I2 = NOR(c, I3),I3 = NOR(c, b),I4 = NOR(b, I3)",155,3
00100111,"Or(And(~x[0], x[1]), And(x[0], x[2]))",4,"O = NOR(I1, I2),I1 = NOR(b, c),I2 = NOR(I3, a),I3 = NOR(c)",27,3
00101000,"Or(And(~x[0], ~x[1], x[2]), And(~x[0], x[1], ~x[2]))",5,"O = NOR(I1, c),I1 = NOR(I2, I4),I2 = NOR(b, I3),I3 = NOR(b, a),I4 = NOR(a, I3)",235,3
00101001,"Or(And(~x[0], ~x[1], x[2]), And(~x[0], x[1], ~x[2]), And(x[0], x[1], x[2]))",8,"O = NOR(I1, I12),I1 = NOR(I2, I6),I2 = NOR(b, I3),I3 = NOR(b, I4),I4 = NOR(I5, c),I5 = NOR(a, c),I6 = NOR(I4, I3)",107,3
00101010,"Or(And(~x[0], x[2]), And(~x[0], x[1]))",2,"O = NOR(I1, c),I1 = NOR(a, b)",171,3
00101011,"Or(And(~x[0], x[2]), And(~x[0], x[1]), And(x[1], x[2]))",5,"O = NOR(I1, I4),I1 = NOR(I2, b),I2 = NOR(c, I3),I3 = NOR(c, a),I4 = NOR(a, I3)",43,3
00101100,"Or(And(~x[1], x[2]), And(~x[0], x[1], ~x[2]))",5,"O = NOR(I1, I4),I1 = NOR(I2, I3),I2 = NOR(c),I3 = NOR(b, a),I4 = NOR(c, b)",173,3
00101101,"Or(And(~x[1], x[2]), And(~x[0], x[1], ~x[2]), And(x[0], x[2]))",7,"O = NOR(I1, I5),I1 = NOR(I2, I8),I2 = NOR(I3, I5),I3 = NOR(I4, a),I4 = NOR(c),I5 = NOR(b, I3)",45,3
00101110,"Or(And(~x[1], x[2]), And(~x[0], x[1]))",5,"O = NOR(I1),I1 = NOR(I2, I4),I2 = NOR(c, I3),I3 = NOR(a, b),I4 = NOR(b, I3)",139,3
00101111,"Or(x[2], And(~x[0], x[1]))",4,"O = NOR(I1),I1 = NOR(I2, a),I2 = NOR(c, I3),I3 = NOR(b)",11,3
00110000,"And(x[1], ~x[2])",4,"O = NOR(I1),I1 = NOR(I2, a),I2 = NOR(b, I3),I3 = NOR(c)",11,2
00110001,"Or(And(x[1], ~x[2]), And(x[0], x[1]))",4,"O = NOR(I1, I3),I1 = NOR(I2, a),I2 = NOR(b),I3 = NOR(c)",47,3
00110010,"Or(And(x[1], ~x[2]), And(~x[0], x[1]))",5,"O = NOR(I1),I1 = NOR(I2, I4),I2 = NOR(b, I3),I3 = NOR(a),I4 = NOR(c, I3)",143,3
00110011,x[1],4,"O = NOR(I1),I1 = NOR(a, I2),I2 = NOR(I3),I3 = NOR(b, c)",1,1
00110100,"Or(And(x[1], ~x[2]), And(x[0], ~x[1], x[2]))",6,"O = NOR(I1, I6),I1 = NOR(I2, I4),I2 = NOR(a, I3),I3 = NOR(a, b),I4 = NOR(b, I3)",155,3
00110101,"Or(And(x[1], ~x[2]), And(x[0], x[2]))",4,"O = NOR(I1, I2),I1 = NOR(b, a),I2 = NOR(I3, c),I3 = NOR(a)",27,3
00110110,"Or(And(x[1], ~x[2]), And(~x[0], x[1]), And(x[0], ~x[1], x[2]))",8,"O = NOR(I1, I6),I1 = NOR(I2, I10),I2 = NOR(I3, I6),I3 = NOR(I4, I5),I4 = NOR(b),I5 = NOR(c),I6 = NOR(a, I3)",135,3
00110111,"Or(x[1], And(x[0], x[2]))",3,"O = NOR(I1, I2),I1 = NOR(a, b),I2 = NOR(a, c)",7,3
00111000,"Or(And(~x[0], ~x[1], x[2]), And(x[1], ~x[2]))",5,"O = NOR(I1, I4),I1 = NOR(I2, I3),I2 = NOR(b),I3 = NOR(c, a),I4 = NOR(b, c)",173,3
00111001,"Or(And(~x[0], ~x[1], x[2]), And(x[0], x[1]), And(x[1], ~x[2]))",7,"O = NOR(I1, I5),I1 = NOR(I2, I8),I2 = NOR(I3, I5),I3 = NOR(I4, a),I4 = NOR(b),I5 = NOR(c, I3)",45,3
00111010,"Or(And(~x[0], x[2]), And(x[1], ~x[2]))",5,"O = NOR(I1),I1 = NOR(I2, I4),I2 = NOR(b, I3),I3 = NOR(a, c),I4 = NOR(c, I3)",139,3
00111011,"Or(x[1], And(~x[0], x[2]))",4,"O = NOR(I1),I1 = NOR(I2, a),I2 = NOR(b, I3),I3 = NOR(c)",11,3
00111100,"Or(And(~x[1], x[2]), And(x[1], ~x[2]))",7,"O = NOR(I1),I1 = NOR(I2, I4),I2 = NOR(c, I3),I3 = NOR(c, b),I4 = NOR(I5),I5 = NOR(I6, a),I6 = NOR(b, I3)",9,2
00111101,"Or(And(~x[1], x[2]), And(x[1], ~x[2]), And(x[0], x[2]))",7,"O = NOR(I1, I2),I1 = NOR(c, a),I2 = NOR(I3, I4),I3 = NOR(a),I4 = NOR(I5),I5 = NOR(I6, b),I6 = NOR(c)",25,3
00111110,"Or(And(~x[0], x[2]), And(x[1], ~x[2]), And(~x[1], x[2]))",8,"O = NOR(I1),I1 = NOR(I2, I4),I2 = NOR(c, I3),I3 = NOR(b, a),I4 = NOR(I5),I5 = NOR(I6, I8),I6 = NOR(b, I3)",131,3
00111111,"Or(x[1], x[2])",4,"O = NOR(I1),I1 = NOR(a, I2),I2 = NOR(I3),I3 = NOR(b, c)",1,2
01000000,"And(x[0], ~x[1], ~x[2])",4,"O = NOR(I1, I2),I1 = NOR(b),I2 = NOR(I3),I3 = NOR(c, a)",239,3
01000001,"Or(And(x[0], x[1], x[2]), And(x[0], ~x[1], ~x[2]))",7,"O = NOR(I1, I3),I1 = NOR(I2, a),I2 = NOR(c, a),I3 = NOR(I4),I4 = NOR(I5, I6),I5 = NOR(b),I6 = NOR(c, I2)",111,3
01000010,"Or(And(~x[0], x[1], x[2]), And(x[0], ~x[1], ~x[2]))",6,"O = NOR(I1, I5),I1 = NOR(I2, I4),I2 = NOR(c, I3),I3 = NOR(b),I4 = NOR(a, b),I5 = NOR(a, c)",189,3
01000011,"Or(And(x[1], x[2]), And(x[0], ~x[1], ~x[2]))",6,"O = NOR(I1, I4),I1 = NOR(I2, b),I2 = NOR(a, I3),I3 = NOR(c),I4 = NOR(a, I5),I5 = NOR(b)",61,3
01000100,"And(x[0], ~x[1])",4,"O = NOR(I1),I1 = NOR(I2, b),I2 = NOR(c, I3),I3 = NOR(a)",11,2
01000101,"Or(And(x[0], ~x[1]), And(x[0], x[2]))",4,"O = NOR(I1, I3),I1 = NOR(I2, c),I2 = NOR(a),I3 = NOR(b)",47,3
01000110,"Or(And(x[0], ~x[1]), And(~x[0], x[1], x[2]))",6,"O = NOR(I1, I6),I1 = NOR(I2, I4),I2 = NOR(c, I3),I3 = NOR(c, a),I4 = NOR(a, I3)",155,3
01000111,"Or(And(x[0], ~x[1]), And(x[1], x[2]))",4,"O = NOR(I1, I2),I1 = NOR(a, c),I2 = NOR(I3, b),I3 = NOR(c)",27,3
01001000,"Or(And(~x[0], ~x[1], x[2]), And(x[0], ~x[1], ~x[2]))",5,"O = NOR(I1, c),I1 = NOR(I2, I4),I2 = NOR(a, I3),I3 = NOR(a, b),I4 = NOR(b, I3)",235,3
01001001,"Or(And(~x[0], ~x[1], x[2]), And(x[0], x[1], x[2]), And(x[0], ~x[1], ~x[2]))",8,"O = NOR(I1, I12),I1 = NOR(I2, I6),I2 = NOR(a, I3),I3 = NOR(a, I4),I4 = NOR(I5, c),I5 = NOR(b, c),I6 = NOR(I4, I3)",107,3
01001010,"Or(And(~x[0], x[2]), And(x[0], ~x[1], ~x[2]))",5,"O = NOR(I1, I4),I1 = NOR(I2, I3),I2 = NOR(c),I3 = NOR(a, b),I4 = NOR(c, a)",173,3
01001011,"Or(And(~x[0], x[2]), And(x[1], x[2]), And(x[0], ~x[1], ~x[2]))",7,"O = NOR(I1, I5),I1 = NOR(I2, I8),I2 = NOR(I3, I5),I3 = NOR(I4, b),I4 = NOR(c),I5 = NOR(a, I3)",45,3
01001100,"Or(And(x[0], ~x[1]), And(~x[1], x[2]))",2,"O = NOR(I1, c),I1 = NOR(b, a)",171,3
01001101,"Or(And(x[0], ~x[1]), And(x[0], x[2]), And(~x[1], x[2]))",5,"O = NOR(I1, I4),I1 = NOR(I2, a),I2 = NOR(c, I3),I3 = NOR(c, b),I4 = NOR(b, I3)",43,3
01001110,"Or(And(x[0], ~x[1]), And(~x[0], x[2]))",5,"O = NOR(I1),I1 = NOR(I2, I4),I2 = NOR(c, I3),I3 = NOR(b, a),I4 = NOR(a, I3)",139,3
01001111,"Or(x[2], And(x[0], ~x[1]))",4,"O = NOR(I1),I1 = NOR(I2, b),I2 = NOR(c, I3),I3 = NOR(a)",11,3
01010000,"And(x[0], ~x[2])",4,"O = NOR(I1),I1 = NOR(I2, c),I2 = NOR(b, I3),I3 = NOR(a)",11,2
01010001,"Or(And(x[0], ~x[2]), And(x[0], x[1]))",4,"O = NOR(I1, I3),I1 = NOR(I2, b),I2 = NOR(a),I3 = NOR(c)",47,3
01010010,"Or(And(x[0], ~x[2]), And(~x[0], x[1], x[2]))",6,"O = NOR(I1, I6),I1 = NOR(I2, I4),I2 = NOR(b, I3),I3 = NOR(b, a),I4 = NOR(a, I3)",155,3
01010011,"Or(And(x[0], ~x[2]), And(x[1], x[2]))",4,"O = NOR(I1, I2),I1 = NOR(a, b),I2 = NOR(I3, c),I3 = NOR(b)",27,3
01010100,"Or(And(x[0], ~x[2]), And(x[0], ~x[1]))",5,"O = NOR(I1),I1 = NOR(I2, I4),I2 = NOR(a, I3),I3 = NOR(b),I4 = NOR(c, I3)",143,3
01010101,x[0],4,"O = NOR(I1),I1 = NOR(a, I2),I2 = NOR(I3),I3 = NOR(b, c)",1,1
01010110,"Or(And(x[0], ~x[2]), And(~x[0], x[1], x[2]), And(x[0], ~x[1]))",8,"O = NOR(I1, I6),I1 = NOR(I2, I10),I2 = NOR(I3, I6),I3 = NOR(I4, I5),I4 = NOR(a),I5 = NOR(c),I6 = NOR(b, I3)",135,3
01010111,"Or(x[0], And(x[1], x[2]))",3,"O = NOR(I1, I2),I1 = NOR(b, a),I2 = NOR(b, c)",7,3
01011000,"Or(And(x[0], ~x[2]), And(~x[0], ~x[1], x[2]))",5,"O = NOR(I1, I4),I1 = NOR(I2, I3),I2 = NOR(a),I3 = NOR(c, b),I4 = NOR(a, c)",173,3
01011001,"Or(And(x[0], ~x[2]), And(~x[0], ~x[1], x[2]), And(x[0], x[1]))",7,"O = NOR(I1, I5),I1 = NOR(I2, I8),I2 = NOR(I3, I5),I3 = NOR(I4, b),I4 = NOR(a),I5 = NOR(c, I3)",45,3
01011010,"Or(And(x[0], ~x[2]), And(~x[0], x[2]))",7,"O = NOR(I1),I1 = NOR(I2, I4),I2 = NOR(c, I3),I3 = NOR(c, b),I4 = NOR(I5),I5 = NOR(I6, a),I6 = NOR(b, I3)",9,2
01011011,"Or(And(x[0], ~x[2]), And(x[1], x[2]), And(~x[0], x[2]))",7,"O = NOR(I1, I2),I1 = NOR(c, b),I2 = NOR(I3, I4),I3 = NOR(b),I4 = NOR(I5),I5 = NOR(I6, a),I6 = NOR(c)",25,3
01011100,"Or(And(x[0], ~x[2]), And(~x[1], x[2]))",5,"O = NOR(I1),I1 = NOR(I2, I4),I2 = NOR(a, I3),I3 = NOR(b, c),I4 = NOR(c, I3)",139,3
01011101,"Or(x[0], And(~x[1], x[2]))",4,"O = NOR(I1),I1 = NOR(I2, b),I2 = NOR(a, I3),I3 = NOR(c)",11,3
01011110,"Or(And(~x[1], x[2]), And(~x[0], x[2]), And(x[0], ~x[2]))",8,"O = NOR(I1),I1 = NOR(I2, I4),I2 = NOR(c, I3),I3 = NOR(a, b),I4 = NOR(I5),I5 = NOR(I6, I8),I6 = NOR(a, I3)",131,3
01011111,"Or(x[0], x[2])",4,"O = NOR(I1),I1 = NOR(a, I2),I2 = NOR(I3),I3 = NOR(b, c)",1,2
01100000,"Or(And(~x[0], x[1], ~x[2]), And(x[0], ~x[1], ~x[2]))",5,"O = NOR(I1, b),I1 = NOR(I2, I4),I2 = NOR(a, I3),I3 = NOR(a, c),I4 = NOR(c, I3)",235,3
01100001,"Or(And(~x[0], x[1], ~x[2]), And(x[0], x[1], x[2]), And(x[0], ~x[1], ~x[2]))",8,"O = NOR(I1, I12),I1 = NOR(I2, I6),I2 = NOR(a, I3),I3 = NOR(a, I4),I4 = NOR(I5, b),I5 = NOR(c, b),I6 = NOR(I4, I3)",107,3
01100010,"Or(And(~x[0], x[1]), And(x[0], ~x[1], ~x[2]))",5,"O = NOR(I1, I4),I1 = NOR(I2, I3),I2 = NOR(b),I3 = NOR(a, c),I4 = NOR(b, a)",173,3
01100011,"Or(And(~x[0], x[1]), And(x[1], x[2]), And(x[0], ~x[1], ~x[2]))",7,"O = NOR(I1, I5),I1 = NOR(I2, I8),I2 = NOR(I3, I5),I3 = NOR(I4, c),I4 = NOR(b),I5 = NOR(a, I3)",45,3
01100100,"Or(And(x[0], ~x[1]), And(~x[0], x[1], ~x[2]))",5,"O = NOR(I1, I4),I1 = NOR(I2, I3),I2 = NOR(a),I3 = NOR(b, c),I4 = NOR(a, b)",173,3
01100101,"Or(And(x[0], ~x[1]), And(~x[0], x[1], ~x[2]), And(x[0], x[2]))",7,"O = NOR(I1, I5),I1 = NOR(I2, I8),I2 = NOR(I3, I5),I3 = NOR(I4, c),I4 = NOR(a),I5 = NOR(b, I3)",45,3
01100110,"Or(And(x[0], ~x[1]), And(~x[0], x[1]))",7,"O = NOR(I1),I1 = NOR(I2, I4),I2 = NOR(c, I3),I3 = NOR(c, b),I4 = NOR(I5),I5 = NOR(I6, a),I6 = NOR(b, I3)",9,2
01100111,"Or(And(x[0], ~x[1]), And(~x[0], x[1]), And(x[1], x[2]))",7,"O = NOR(I1, I2),I1 = NOR(b, c),I2 = NOR(I3, I4),I3 = NOR(c),I4 = NOR(I5),I5 = NOR(I6, a),I6 = NOR(b)",25,3
01101000,"Or(And(~x[0], ~x[1], x[2]), And(~x[0], x[1], ~x[2]), And(x[0], ~x[1], ~x[2]))",8,"O = NOR(I1, I9),I1 = NOR(I2, I3),I2 = NOR(b, c),I3 = NOR(a, I4),I4 = NOR(I5, I7),I5 = NOR(c, I2),I7 = NOR(b, I2)",233,3
01101001,"Or(And(~x[0], ~x[1], x[2]), And(~x[0], x[1], ~x[2]), And(x[0], x[1], x[2]), And(x[0], ~x[1], ~x[2]))",8,"O = NOR(I1, I13),I1 = NOR(I2, I3),I2 = NOR(b, I3),I3 = NOR(I4, I6),I4 = NOR(I5, c),I5 = NOR(a, c),I6 = NOR(a, I5)",105,3
01101010,"Or(And(~x[0], x[2]), And(~x[0], x[1]), And(x[0], ~x[1], ~x[2]))",5,"O = NOR(I1, I5),I1 = NOR(I2, I3),I2 = NOR(c, I3),I3 = NOR(a, b)",169,3
01101011,"Or(And(~x[0], x[2]), And(~x[0], x[1]), And(x[1], x[2]), And(x[0], ~x[1], ~x[2]))",8,"O = NOR(I1, I9),I1 = NOR(I2, I4),I2 = NOR(c, I3),I3 = NOR(a, b),I4 = NOR(I5, I7),I5 = NOR(I3, b),I7 = NOR(a, I3)",41,3
01101100,"Or(And(x[0], ~x[1]), And(~x[0], x[1], ~x[2]), And(~x[1], x[2]))",5,"O = NOR(I1, I5),I1 = NOR(I2, I3),I2 = NOR(c, I3),I3 = NOR(b, a)",169,3
01101101,"Or(And(x[0], ~x[1]), And(~x[0], x[1], ~x[2]), And(x[0], x[2]), And(~x[1], x[2]))",8,"O = NOR(I1, I9),I1 = NOR(I2, I4),I2 = NOR(c, I3),I3 = NOR(b, a),I4 = NOR(I5, I7),I5 = NOR(I3, a),I7 = NOR(b, I3)",41,3
01101110,"Or(And(~x[1], x[2]), And(x[0], ~x[1]), And(~x[0], x[1]))",6,"O = NOR(I1),I1 = NOR(I2, I4),I2 = NOR(c, I3),I3 = NOR(b, a),I4 = NOR(b, I5),I5 = NOR(c)",137,3
01101111,"Or(x[2], And(x[0], ~x[1]), And(~x[0], x[1]))",7,"O = NOR(I1),I1 = NOR(I2, I4),I2 = NOR(c, I3),I3 = NOR(c, b),I4 = NOR(I5),I5 = NOR(I6, a),I6 = NOR(b, I3)",9,3
01110000,"Or(And(x[0], ~x[2]), And(x[1], ~x[2]))",2,"O = NOR(I1, b),I1 = NOR(c, a)",171,3
01110001,"Or(And(x[0], ~x[2]), And(x[1], ~x[2]), And(x[0], x[1]))",5,"O = NOR(I1, I4),I1 = NOR(I2, a),I2 = NOR(b, I3),I3 = NOR(b, c),I4 = NOR(c, I3)",43,3
01110010,"Or(And(x[0], ~x[2]), And(~x[0], x[1]))",5,"O = NOR(I1),I1 = NOR(I2, I4),I2 = NOR(b, I3),I3 = NOR(c, a),I4 = NOR(a, I3)",139,3
01110011,"Or(x[1], And(x[0], ~x[2]))",4,"O = NOR(I1),I1 = NOR(I2, c),I2 = NOR(b, I3),I3 = NOR(a)",11,3
01110100,"Or(And(x[0], ~x[1]), And(x[1], ~x[2]))",5,"O = NOR(I1),I1 = NOR(I2, I4),I2 = NOR(a, I3),I3 = NOR(c, b),I4 = NOR(b, I3)",139,3
01110101,"Or(x[0], And(x[1], ~x[2]))",4,"O = NOR(I1),I1 = NOR(I2, c),I2 = NOR(a, I3),I3 = NOR(b)",11,3
01110110,"Or(And(x[0], ~x[1]), And(x[1], ~x[2]), And(~x[0], x[1]))",8,"O = NOR(I1),I1 = NOR(I2, I4),I2 = NOR(b, I3),I3 = NOR(a, c),I4 = NOR(I5),I5 = NOR(I6, I8),I6 = NOR(a, I3)",131,3
01110111,"Or(x[0], x[1])",4,"O = NOR(I1),I1 = NOR(a, I2),I2 = NOR(I3),I3 = NOR(b, c)",1,2
01111000,"Or(And(x[0], ~x[2]), And(~x[0], ~x[1], x[2]), And(x[1], ~x[2]))",5,"O = NOR(I1, I5),I1 = NOR(I2, I3),I2 = NOR(b, I3),I3 = NOR(c, a)",169,3
01111001,"Or(And(x[0], ~x[2]), And(~x[0], ~x[1], x[2]), And(x[0], x[1]), And(x[1], ~x[2]))",8,"O = NOR(I1, I9),I1 = NOR(I2, I4),I2 = NOR(b, I3),I3 = NOR(c, a),I4 = NOR(I5, I7),I5 = NOR(I3, a),I7 = NOR(c, I3)",41,3
01111010,"Or(And(x[0], ~x[2]), And(x[1], ~x[2]), And(~x[0], x[2]))",6,"O = NOR(I1),I1 = NOR(I2, I4),I2 = NOR(b, I3),I3 = NOR(c, a),I4 = NOR(c, I5),I5 = NOR(b)",137,3
01111011,"Or(x[1], And(x[0], ~x[2]), And(~x[0], x[2]))",7,"O = NOR(I1),I1 = NOR(I2, I4),I2 = NOR(b, I3),I3 = NOR(b, c),I4 = NOR(I5),I5 = NOR(I6, a),I6 = NOR(c, I3)",9,3
01111100,"Or(And(x[0], ~x[2]), And(x[1], ~x[2]), And(~x[1], x[2]))",6,"O = NOR(I1),I1 = NOR(I2, I4),I2 = NOR(a, I3),I3 = NOR(c, b),I4 = NOR(c, I5),I5 = NOR(a)",137,3
01111101,"Or(x[0], And(~x[1], x[2]), And(x[1], ~x[2]))",7,"O = NOR(I1),I1 = NOR(I2, I4),I2 = NOR(a, I3),I3 = NOR(a, c),I4 = NOR(I5),I5 = NOR(I6, b),I6 = NOR(c, I3)",9,3
01111110,"Or(And(x[0], ~x[2]), And(~x[0], x[1]), And(~x[1], x[2]))",8,"O = NOR(I1),I1 = NOR(I2, I4),I2 = NOR(c, I3),I3 = NOR(b),I4 = NOR(I5, I8),I5 = NOR(I3, I7),I7 = NOR(a)",129,3
01111111,"Or(x[0], x[1], x[2])",4,"O = NOR(I1),I1 = NOR(a, I2),I2 = NOR(I3),I3 = NOR(b, c)",1,3
10000000,"And(~x[0], ~x[1], ~x[2])",3,"O = NOR(a, I1),I1 = NOR(I2),I2 = NOR(b, c)",254,3
10000001,"Or(And(~x[0], ~x[1], ~x[2]), And(x[0], x[1], x[2]))",7,"O = NOR(I1, I3),I1 = NOR(I2, c),I2 = NOR(a),I3 = NOR(I4, I7),I4 = NOR(I5, I2),I5 = NOR(b)",126,3
10000010,"Or(And(~x[0], x[1], x[2]), And(~x[0], ~x[1], ~x[2]))",6,"O = NOR(I1, I3),I1 = NOR(I2, b),I2 = NOR(a, b),I3 = NOR(I4),I4 = NOR(c, I5),I5 = NOR(a, I2)",190,3
10000011,"Or(And(x[1], x[2]), And(~x[0], ~x[1], ~x[2]))",5,"O = NOR(I1, I3),I1 = NOR(I2, b),I2 = NOR(a, c),I3 = NOR(a, I4),I4 = NOR(b)",62,3
10000100,"Or(And(~x[0], ~x[1], ~x[2]), And(x[0], ~x[1], x[2]))",6,"O = NOR(I1, I3),I1 = NOR(I2, a),I2 = NOR(b, a),I3 = NOR(I4),I4 = NOR(c, I5),I5 = NOR(b, I2)",190,3
10000101,"Or(And(~x[0], ~x[1], ~x[2]), And(x[0], x[2]))",5,"O = NOR(I1, I3),I1 = NOR(I2, a),I2 = NOR(b, c),I3 = NOR(b, I4),I4 = NOR(a)",62,3
10000110,"Or(And(~x[0], x[1], x[2]), And(~x[0], ~x[1], ~x[2]), And(x[0], ~x[1], x[2]))",8,"O = NOR(I1, I7),I1 = NOR(I2, I5),I2 = NOR(c, I3),I3 = NOR(b, I4),I4 = NOR(a),I5 = NOR(b, I6),I6 = NOR(c, b),I7 = NOR(a, I6)",158,3
10000111,"Or(And(x[1], x[2]), And(~x[0], ~x[1], ~x[2]), And(x[0], x[2]))",6,"O = NOR(I1, I5),I1 = NOR(I2, I3),I2 = NOR(a, b),I3 = NOR(I4, I5),I4 = NOR(b, c),I5 = NOR(a, I4)",30,3
10001000,"And(~x[0], ~x[1])",3,"O = NOR(I1),I1 = NOR(I2, a),I2 = NOR(b, c)",14,2
10001001,"Or(And(~x[0], ~x[1]), And(x[0], x[1], x[2]))",7,"O = NOR(I1, I3),I1 = NOR(I2, c),I2 = NOR(b, c),I3 = NOR(I4),I4 = NOR(I5, I7),I5 = NOR(a, I2)",110,3
10001010,"Or(And(~x[0], x[2]), And(~x[0], ~x[1]))",3,"O = NOR(I1, c),I1 = NOR(I2, a),I2 = NOR(b)",174,3
10001011,"Or(And(~x[0], ~x[1]), And(x[1], x[2]))",4,"O = NOR(I1, I3),I1 = NOR(I2, b),I2 = NOR(c, b),I3 = NOR(a, I2)",46,3
10001100,"Or(And(~x[1], x[2]), And(~x[0], ~x[1]))",3,"O = NOR(I1, c),I1 = NOR(I2, b),I2 = NOR(a)",174,3
10001101,"Or(And(~x[0], ~x[1]), And(x[0], x[2]))",4,"O = NOR(I1, I3),I1 = NOR(I2, a),I2 = NOR(c, a),I3 = NOR(b, I2)",46,3
10001110,"Or(And(~x[1], x[2]), And(~x[0], ~x[1]), And(~x[0], x[2]))",6,"O = NOR(I1),I1 = NOR(I2, I5),I2 = NOR(c, I3),I3 = NOR(a, I4),I4 = NOR(a, b),I5 = NOR(b, I4)",142,3
10001111,"Or(x[2], And(~x[0], ~x[1]))",3,"O = NOR(I1),I1 = NOR(I2, a),I2 = NOR(b, c)",14,3
10010000,"Or(And(x[0], x[1], ~x[2]), And(~x[0], ~x[1], ~x[2]))",6,"O = NOR(I1, I3),I1 = NOR(I2, a),I2 = NOR(c, a),I3 = NOR(I4),I4 = NOR(b, I5),I5 = NOR(c, I2)",190,3
10010001,"Or(And(~x[0], ~x[1], ~x[2]), And(x[0], x[1]))",5,"O = NOR(I1, I3),I1 = NOR(I2, a),I2 = NOR(c, b),I3 = NOR(c, I4),I4 = NOR(a)",62,3
10010010,"Or(And(x[0], x[1], ~x[2]), And(~x[0], ~x[1], ~x[2]), And(~x[0], x[1], x[2]))",8,"O = NOR(I1, I7),I1 = NOR(I2, I5),I2 = NOR(b, I3),I3 = NOR(c, I4),I4 = NOR(a),I5 = NOR(c, I6),I6 = NOR(b, c),I7 = NOR(a, I6)",158,3
10010011,"Or(And(x[1], x[2]), And(~x[0], ~x[1], ~x[2]), And(x[0], x[1]))",6,"O = NOR(I1, I5),I1 = NOR(I2, I3),I2 = NOR(a, c),I3 = NOR(I4, I5),I4 = NOR(c, b),I5 = NOR(a, I4)",30,3
10010100,"Or(And(x[0], x[1], ~x[2]), And(~x[0], ~x[1], ~x[2]), And(x[0], ~x[1], x[2]))",8,"O = NOR(I1, I7),I1 = NOR(I2, I5),I2 = NOR(a, I3),I3 = NOR(c, I4),I4 = NOR(b),I5 = NOR(c, I6),I6 = NOR(a, c),I7 = NOR(b, I6)",158,3
10010101,"Or(And(~x[0], ~x[1], ~x[2]), And(x[0], x[1]), And(x[0], x[2]))",6,"O = NOR(I1, I5),I1 = NOR(I2, I3),I2 = NOR(b, c),I3 = NOR(I4, I5),I4 = NOR(c, a),I5 = NOR(b, I4)",30,3
10010110,"Or(And(x[0], x[1], ~x[2]), And(~x[0], ~x[1], ~x[2]), And(~x[0], x[1], x[2]), And(x[0], ~x[1], x[2]))",9,"O = NOR(I1, I11),I1 = NOR(I2, I5),I2 = NOR(c, I3),I3 = NOR(b, I4),I4 = NOR(b, a),I5 = NOR(I6, I11),I6 = NOR(I3, I9)",150,3
10010111,"Or(And(x[1], x[2]), And(~x[0], ~x[1], ~x[2]), And(x[0], x[1]), And(x[0], x[2]))",8,"O = NOR(I1, I6),I1 = NOR(I2, I3),I2 = NOR(a, b),I3 = NOR(I4, I5),I4 = NOR(b, c),I5 = NOR(a, c),I6 = NOR(I7, I4),I7 = NOR(I2)",22,3
10011000,"Or(And(x[0], x[1], ~x[2]), And(~x[0], ~x[1]))",6,"O = NOR(I1, I5),I1 = NOR(I2, I4),I2 = NOR(b, I3),I3 = NOR(a),I4 = NOR(c, a),I5 = NOR(c, I4)",188,3
10011001,"Or(And(~x[0], ~x[1]), And(x[0], x[1]))",6,"O = NOR(I1),I1 = NOR(I2, I3),I2 = NOR(b, c),I3 = NOR(I4, I5),I4 = NOR(a, c),I5 = NOR(b, a)",6,2
10011010,"Or(And(~x[0], x[2]), And(x[0], x[1], ~x[2]), And(~x[0], ~x[1]))",6,"O = NOR(I1, I7),I1 = NOR(I2, I3),I2 = NOR(b, I3),I3 = NOR(c, I4),I4 = NOR(a)",154,3
10011011,"Or(And(~x[0], ~x[1]), And(x[1], x[2]), And(x[0], x[1]))",6,"O = NOR(I1),I1 = NOR(I2, I3),I2 = NOR(a, b),I3 = NOR(I4, I5),I4 = NOR(c, b),I5 = NOR(a)",26,3
10011100,"Or(And(~x[1], x[2]), And(x[0], x[1], ~x[2]), And(~x[0], ~x[1]))",6,"O = NOR(I1, I7),I1 = NOR(I2, I3),I2 = NOR(a, I3),I3 = NOR(c, I4),I4 = NOR(b)",154,3
10011101,"Or(And(~x[1], x[2]), And(~x[0], ~x[1]), And(x[0], x[1]))",6,"O = NOR(I1),I1 = NOR(I2, I3),I2 = NOR(b, a),I3 = NOR(I4, I5),I4 = NOR(c, a),I5 = NOR(b)",26,3
10011110,"Or(And(~x[1], x[2]), And(x[0], x[1], ~x[2]), And(~x[0], ~x[1]), And(~x[0], x[2]))",9,"O = NOR(I1),I1 = NOR(I2, I4),I2 = NOR(c, I3),I3 = NOR(c, a),I4 = NOR(I5, I11),I5 = NOR(I6, I7),I6 = NOR(b, I7),I7 = NOR(a, I3)",134,3
10011111,"Or(x[2], And(~x[0], ~x[1]), And(x[0], x[1]))",6,"O = NOR(I1),I1 = NOR(I2, I3),I2 = NOR(b, c),I3 = NOR(I4, I5),I4 = NOR(a, c),I5 = NOR(b, a)",6,3
10100000,"And(~x[0], ~x[2])",3,"O = NOR(I1),I1 = NOR(I2, a),I2 = NOR(b, c)",14,2
10100001,"Or(And(x[0], x[1], x[2]), And(~x[0], ~x[2]))",7,"O = NOR(I1, I3),I1 = NOR(I2, b),I2 = NOR(c, b),I3 = NOR(I4),I4 = NOR(I5, I7),I5 = NOR(a, I2)",110,3
10100010,"Or(And(~x[0], x[1]), And(~x[0], ~x[2]))",3,"O = NOR(I1, b),I1 = NOR(I2, a),I2 = NOR(c)",174,3
10100011,"Or(And(x[1], x[2]), And(~x[0], ~x[2]))",4,"O = NOR(I1, I3),I1 = NOR(I2, c),I2 = NOR(b, c),I3 = NOR(a, I2)",46,3
10100100,"Or(And(~x[0], ~x[2]), And(x[0], ~x[1], x[2]))",6,"O = NOR(I1, I5),I1 = NOR(I2, I4),I2 = NOR(c, I3),I3 = NOR(a),I4 = NOR(b, a),I5 = NOR(b, I4)",188,3
10100101,"Or(And(~x[0], ~x[2]), And(x[0], x[2]))",6,"O = NOR(I1),I1 = NOR(I2, I3),I2 = NOR(b, c),I3 = NOR(I4, I5),I4 = NOR(a, c),I5 = NOR(b, a)",6,2
10100110,"Or(And(~x[0], x[1]), And(~x[0], ~x[2]), And(x[0], ~x[1], x[2]))",6,"O = NOR(I1, I7),I1 = NOR(I2, I3),I2 = NOR(c, I3),I3 = NOR(b, I4),I4 = NOR(a)",154,3
10100111,"Or(And(x[1], x[2]), And(~x[0], ~x[2]), And(x[0], x[2]))",6,"O = NOR(I1),I1 = NOR(I2, I3),I2 = NOR(a, c),I3 = NOR(I4, I5),I4 = NOR(b, c),I5 = NOR(a)",26,3
10101000,"Or(And(~x[0], ~x[1]), And(~x[0], ~x[2]))",4,"O = NOR(I1),I1 = NOR(I2, I3),I2 = NOR(b, c),I3 = NOR(a, c)",234,3
10101001,"Or(And(~x[0], ~x[1]), And(x[0], x[1], x[2]), And(~x[0], ~x[2]))",7,"O = NOR(I1, I6),I1 = NOR(I2, c),I2 = NOR(I3, c),I3 = NOR(I4, I5),I4 = NOR(b),I5 = NOR(a),I6 = NOR(I3, I2)",106,3
10101010,~x[0],5,"O = NOR(I1),I1 = NOR(I2, I3),I2 = NOR(c),I3 = NOR(I4),I4 = NOR(a, b)",2,1
10101011,"Or(~x[0], And(x[1], x[2]))",4,"O = NOR(I1, I3),I1 = NOR(I2, b),I2 = NOR(c),I3 = NOR(a, I2)",42,3
10101100,"Or(And(~x[1], x[2]), And(~x[0], ~x[2]))",5,"O = NOR(I1),I1 = NOR(I2, I4),I2 = NOR(c, I3),I3 = NOR(b),I4 = NOR(b, a)",172,3
10101101,"Or(And(~x[1], x[2]), And(~x[0], ~x[2]), And(x[0], x[2]))",7,"O = NOR(I1),I1 = NOR(I2, I3),I2 = NOR(c, a),I3 = NOR(I4, I6),I4 = NOR(I5, a),I5 = NOR(b, a),I6 = NOR(b, I5)",44,3
10101110,"Or(~x[0], And(~x[1], x[2]))",5,"O = NOR(I1),I1 = NOR(I2, I3),I2 = NOR(c),I3 = NOR(b, I4),I4 = NOR(a)",138,3
10101111,"Or(~x[0], x[2])",5,"O = NOR(I1),I1 = NOR(I2, I3),I2 = NOR(c),I3 = NOR(I4),I4 = NOR(a, b)",2,2
10110000,"Or(And(x[1], ~x[2]), And(~x[0], ~x[2]))",3,"O = NOR(I1, b),I1 = NOR(I2, c),I2 = NOR(a)",174,3
10110001,"Or(And(x[0], x[1]), And(~x[0], ~x[2]))",4,"O = NOR(I1, I3),I1 = NOR(I2, a),I2 = NOR(b, a),I3 = NOR(c, I2)",46,3
10110010,"Or(And(x[1], ~x[2]), And(~x[0], ~x[2]), And(~x[0], x[1]))",6,"O = NOR(I1),I1 = NOR(I2, I5),I2 = NOR(b, I3),I3 = NOR(a, I4),I4 = NOR(a, c),I5 = NOR(c, I4)",142,3
10110011,"Or(x[1], And(~x[0], ~x[2]))",3,"O = NOR(I1),I1 = NOR(I2, a),I2 = NOR(c, b)",14,3
10110100,"Or(And(x[1], ~x[2]), And(~x[0], ~x[2]), And(x[0], ~x[1], x[2]))",6,"O = NOR(I1, I7),I1 = NOR(I2, I3),I2 = NOR(a, I3),I3 = NOR(b, I4),I4 = NOR(c)",154,3
10110101,"Or(And(x[1], ~x[2]), And(~x[0], ~x[2]), And(x[0], x[2]))",6,"O = NOR(I1),I1 = NOR(I2, I3),I2 = NOR(c, a),I3 = NOR(I4, I5),I4 = NOR(b, a),I5 = NOR(c)",26,3
10110110,"Or(And(x[1], ~x[2]), And(~x[0], x[1]), And(~x[0], ~x[2]), And(x[0], ~x[1], x[2]))",9,"O = NOR(I1),I1 = NOR(I2, I4),I2 = NOR(b, I3),I3 = NOR(b, a),I4 = NOR(I5, I11),I5 = NOR(I6, I7),I6 = NOR(c, I7),I7 = NOR(a, I3)",134,3
10110111,"Or(x[1], And(~x[0], ~x[2]), And(x[0], x[2]))",6,"O = NOR(I1),I1 = NOR(I2, I3),I2 = NOR(c, b),I3 = NOR(I4, I5),I4 = NOR(a, b),I5 = NOR(c, a)",6,3
10111000,"Or(And(~x[0], ~x[1]), And(x[1], ~x[2]))",5,"O = NOR(I1),I1 = NOR(I2, I4),I2 = NOR(b, I3),I3 = NOR(c),I4 = NOR(c, a)",172,3
10111001,"Or(And(~x[0], ~x[1]), And(x[1], ~x[2]), And(x[0], x[1]))",7,"O = NOR(I1),I1 = NOR(I2, I3),I2 = NOR(b, a),I3 = NOR(I4, I6),I4 = NOR(I5, a),I5 = NOR(c, a),I6 = NOR(c, I5)",44,3
10111010,"Or(~x[0], And(x[1], ~x[2]))",5,"O = NOR(I1),I1 = NOR(I2, I3),I2 = NOR(b),I3 = NOR(c, I4),I4 = NOR(a)",138,3
10111011,"Or(~x[0], x[1])",5,"O = NOR(I1),I1 = NOR(I2, I3),I2 = NOR(c),I3 = NOR(I4),I4 = NOR(a, b)",2,2
10111100,"Or(And(~x[1], x[2]), And(x[1], ~x[2]), And(~x[0], ~x[2]))",6,"O = NOR(I1, I7),I1 = NOR(I2, I4),I2 = NOR(a, I3),I3 = NOR(b, c),I4 = NOR(c, I2)",152,3
10111101,"Or(And(~x[1], x[2]), And(x[0], x[1]), And(~x[0], ~x[2]))",7,"O = NOR(I1),I1 = NOR(I2, I3),I2 = NOR(b, c),I3 = NOR(I4, I5),I4 = NOR(c, a),I5 = NOR(b, I6),I6 = NOR(a)",24,3
10111110,"Or(~x[0], And(~x[1], x[2]), And(x[1], ~x[2]))",8,"O = NOR(I1),I1 = NOR(I2, I3),I2 = NOR(c),I3 = NOR(I4),I4 = NOR(I5, I7),I5 = NOR(b, I6),I6 = NOR(b, a),I7 = NOR(a, I6)",130,3
10111111,"Or(~x[0], x[1], x[2])",5,"O = NOR(I1),I1 = NOR(I2, I3),I2 = NOR(c),I3 = NOR(I4),I4 = NOR(a, b)",2,3
11000000,"And(~x[1], ~x[2])",3,"O = NOR(I1),I1 = NOR(I2, a),I2 = NOR(b, c)",14,2
11000001,"Or(And(x[0], x[1], x[2]), And(~x[1], ~x[2]))",7,"O = NOR(I1, I3),I1 = NOR(I2, a),I2 = NOR(c, a),I3 = NOR(I4),I4 = NOR(I5, I7),I5 = NOR(b, I2)",110,3
11000010,"Or(And(~x[0], x[1], x[2]), And(~x[1], ~x[2]))",6,"O = NOR(I1, I5),I1 = NOR(I2, I4),I2 = NOR(c, I3),I3 = NOR(b),I4 = NOR(a, b),I5 = NOR(a, I4)",188,3
11000011,"Or(And(x[1], x[2]), And(~x[1], ~x[2]))",6,"O = NOR(I1),I1 = NOR(I2, I3),I2 = NOR(b, c),I3 = NOR(I4, I5),I4 = NOR(a, c),I5 = NOR(b, a)",6,2
11000100,"Or(And(x[0], ~x[1]), And(~x[1], ~x[2]))",3,"O = NOR(I1, a),I1 = NOR(I2, b),I2 = NOR(c)",174,3
11000101,"Or(And(~x[1], ~x[2]), And(x[0], x[2]))",4,"O = NOR(I1, I3),I1 = NOR(I2, c),I2 = NOR(a, c),I3 = NOR(b, I2)",46,3
11000110,"Or(And(x[0], ~x[1]), And(~x[0], x[1], x[2]), And(~x[1], ~x[2]))",6,"O = NOR(I1, I7),I1 = NOR(I2, I3),I2 = NOR(c, I3),I3 = NOR(a, I4),I4 = NOR(b)",154,3
11000111,"Or(And(~x[1], ~x[2]), And(x[1], x[2]), And(x[0], x[2]))",6,"O = NOR(I1),I1 = NOR(I2, I3),I2 = NOR(b, c),I3 = NOR(I4, I5),I4 = NOR(a, c),I5 = NOR(b)",26,3
11001000,"Or(And(~x[0], ~x[1]), And(~x[1], ~x[2]))",4,"O = NOR(I1),I1 = NOR(I2, I3),I2 = NOR(a, c),I3 = NOR(b, c)",234,3
11001001,"Or(And(~x[0], ~x[1]), And(x[0], x[1], x[2]), And(~x[1], ~x[2]))",7,"O = NOR(I1, I6),I1 = NOR(I2, c),I2 = NOR(I3, c),I3 = NOR(I4, I5),I4 = NOR(a),I5 = NOR(b),I6 = NOR(I3, I2)",106,3
11001010,"Or(And(~x[0], x[2]), And(~x[1], ~x[2]))",5,"O = NOR(I1),I1 = NOR(I2, I4),I2 = NOR(c, I3),I3 = NOR(a),I4 = NOR(a, b)",172,3
11001011,"Or(And(~x[0], x[2]), And(x[1], x[2]), And(~x[1], ~x[2]))",7,"O = NOR(I1),I1 = NOR(I2, I3),I2 = NOR(c, b),I3 = NOR(I4, I6),I4 = NOR(I5, b),I5 = NOR(a, b),I6 = NOR(a, I5)",44,3
11001100,~x[1],5,"O = NOR(I1),I1 = NOR(I2, I3),I2 = NOR(c),I3 = NOR(I4),I4 = NOR(a, b)",2,1
11001101,"Or(~x[1], And(x[0], x[2]))",4,"O = NOR(I1, I3),I1 = NOR(I2, a),I2 = NOR(c),I3 = NOR(b, I2)",42,3
11001110,"Or(~x[1], And(~x[0], x[2]))",5,"O = NOR(I1),I1 = NOR(I2, I3),I2 = NOR(c),I3 = NOR(a, I4),I4 = NOR(b)",138,3
11001111,"Or(~x[1], x[2])",5,"O = NOR(I1),I1 = NOR(I2, I3),I2 = NOR(c),I3 = NOR(I4),I4 = NOR(a, b)",2,2
11010000,"Or(And(x[0], ~x[2]), And(~x[1], ~x[2]))",3,"O = NOR(I1, a),I1 = NOR(I2, c),I2 = NOR(b)",174,3
11010001,"Or(And(x[0], x[1]), And(~x[1], ~x[2]))",4,"O = NOR(I1, I3),I1 = NOR(I2, b),I2 = NOR(a, b),I3 = NOR(c, I2)",46,3
11010010,"Or(And(x[0], ~x[2]), And(~x[0], x[1], x[2]), And(~x[1], ~x[2]))",6,"O = NOR(I1, I7),I1 = NOR(I2, I3),I2 = NOR(b, I3),I3 = NOR(a, I4),I4 = NOR(c)",154,3
11010011,"Or(And(x[0], ~x[2]), And(x[1], x[2]), And(~x[1], ~x[2]))",6,"O = NOR(I1),I1 = NOR(I2, I3),I2 = NOR(c, b),I3 = NOR(I4, I5),I4 = NOR(a, b),I5 = NOR(c)",26,3
11010100,"Or(And(x[0], ~x[2]), And(x[0], ~x[1]), And(~x[1], ~x[2]))",6,"O = NOR(I1),I1 = NOR(I2, I5),I2 = NOR(a, I3),I3 = NOR(b, I4),I4 = NOR(b, c),I5 = NOR(c, I4)",142,3
11010101,"Or(x[0], And(~x[1], ~x[2]))",3,"O = NOR(I1),I1 = NOR(I2, b),I2 = NOR(c, a)",14,3
11010110,"Or(And(x[0], ~x[2]), And(~x[0], x[1], x[2]), And(x[0], ~x[1]), And(~x[1], ~x[2]))",9,"O = NOR(I1),I1 = NOR(I2, I4),I2 = NOR(a, I3),I3 = NOR(a, b),I4 = NOR(I5, I11),I5 = NOR(I6, I7),I6 = NOR(c, I7),I7 = NOR(b, I3)",134,3
11010111,"Or(x[0], And(x[1], x[2]), And(~x[1], ~x[2]))",6,"O = NOR(I1),I1 = NOR(I2, I3),I2 = NOR(c, a),I3 = NOR(I4, I5),I4 = NOR(b, a),I5 = NOR(c, b)",6,3
11011000,"Or(And(x[0], ~x[2]), And(~x[0], ~x[1]))",5,"O = NOR(I1),I1 = NOR(I2, I4),I2 = NOR(a, I3),I3 = NOR(c),I4 = NOR(c, b)",172,3
11011001,"Or(And(~x[0], ~x[1]), And(x[0], x[1]), And(~x[1], ~x[2]))",7,"O = NOR(I1),I1 = NOR(I2, I3),I2 = NOR(a, b),I3 = NOR(I4, I6),I4 = NOR(I5, b),I5 = NOR(c, b),I6 = NOR(c, I5)",44,3
11011010,"Or(And(x[0], ~x[2]), And(~x[1], ~x[2]), And(~x[0], x[2]))",6,"O = NOR(I1, I7),I1 = NOR(I2, I4),I2 = NOR(b, I3),I3 = NOR(a, c),I4 = NOR(c, I2)",152,3
11011011,"Or(And(~x[0], x[2]), And(x[0], x[1]), And(~x[1], ~x[2]))",7,"O = NOR(I1),I1 = NOR(I2, I3),I2 = NOR(a, c),I3 = NOR(I4, I5),I4 = NOR(c, b),I5 = NOR(a, I6),I6 = NOR(b)",24,3
11011100,"Or(~x[1], And(x[0], ~x[2]))",5,"O = NOR(I1),I1 = NOR(I2, I3),I2 = NOR(a),I3 = NOR(c, I4),I4 = NOR(b)",138,3
11011101,"Or(x[0], ~x[1])",5,"O = NOR(I1),I1 = NOR(I2, I3),I2 = NOR(c),I3 = NOR(I4),I4 = NOR(b, a)",2,2
11011110,"Or(~x[1], And(x[0], ~x[2]), And(~x[0], x[2]))",8,"O = NOR(I1),I1 = NOR(I2, I3),I2 = NOR(c),I3 = NOR(I4),I4 = NOR(I5, I7),I5 = NOR(a, I6),I6 = NOR(a, b),I7 = NOR(b, I6)",130,3
11011111,"Or(x[0], ~x[1], x[2])",5,"O = NOR(I1),I1 = NOR(I2, I3),I2 = NOR(c),I3 = NOR(I4),I4 = NOR(b, a)",2,3
11100000,"Or(And(~x[0], ~x[2]), And(~x[1], ~x[2]))",4,"O = NOR(I1),I1 = NOR(I2, I3),I2 = NOR(a, b),I3 = NOR(c, b)",234,3
11100001,"Or(And(~x[0], ~x[2]), And(x[0], x[1], x[2]), And(~x[1], ~x[2]))",7,"O = NOR(I1, I6),I1 = NOR(I2, b),I2 = NOR(I3, b),I3 = NOR(I4, I5),I4 = NOR(a),I5 = NOR(c),I6 = NOR(I3, I2)",106,3
11100010,"Or(And(~x[0], x[1]), And(~x[1], ~x[2]))",5,"O = NOR(I1),I1 = NOR(I2, I4),I2 = NOR(b, I3),I3 = NOR(a),I4 = NOR(a, c)",172,3
11100011,"Or(And(~x[1], ~x[2]), And(x[1], x[2]), And(~x[0], ~x[2]))",7,"O = NOR(I1),I1 = NOR(I2, I3),I2 = NOR(b, c),I3 = NOR(I4, I6),I4 = NOR(I5, c),I5 = NOR(a, c),I6 = NOR(a, I5)",44,3
11100100,"Or(And(x[0], ~x[1]), And(~x[0], ~x[2]))",5,"O = NOR(I1),I1 = NOR(I2, I4),I2 = NOR(a, I3),I3 = NOR(b),I4 = NOR(b, c)",172,3
11100101,"Or(And(~x[0], ~x[2]), And(~x[1], ~x[2]), And(x[0], x[2]))",7,"O = NOR(I1),I1 = NOR(I2, I3),I2 = NOR(a, c),I3 = NOR(I4, I6),I4 = NOR(I5, c),I5 = NOR(b, c),I6 = NOR(b, I5)",44,3
11100110,"Or(And(x[0], ~x[1]), And(~x[0], x[1]), And(~x[1], ~x[2]))",6,"O = NOR(I1, I7),I1 = NOR(I2, I4),I2 = NOR(c, I3),I3 = NOR(a, b),I4 = NOR(b, I2)",152,3
11100111,"Or(And(~x[0], x[1]), And(~x[1], ~x[2]), And(x[0], x[2]))",7,"O = NOR(I1),I1 = NOR(I2, I3),I2 = NOR(a, b),I3 = NOR(I4, I5),I4 = NOR(b, c),I5 = NOR(a, I6),I6 = NOR(c)",24,3
11101000,"Or(And(~x[0], ~x[2]), And(~x[0], ~x[1]), And(~x[1], ~x[2]))",7,"O = NOR(I1),I1 = NOR(I2, I3),I2 = NOR(b, c),I3 = NOR(a, I4),I4 = NOR(I5, I6),I5 = NOR(c),I6 = NOR(b)",232,3
11101001,"Or(And(~x[0], ~x[2]), And(~x[0], ~x[1]), And(x[0], x[1], x[2]), And(~x[1], ~x[2]))",10,"O = NOR(I1, I13),I1 = NOR(I2, I8),I2 = NOR(b, I3),I3 = NOR(I4, I6),I4 = NOR(a, I5),I5 = NOR(a, c),I6 = NOR(I5, c),I8 = NOR(I6, I11)",104,3
11101010,"Or(~x[0], And(~x[1], ~x[2]))",4,"O = NOR(I1),I1 = NOR(I2, I3),I2 = NOR(c),I3 = NOR(a, b)",168,3
11101011,"Or(~x[0], And(x[1], x[2]), And(~x[1], ~x[2]))",7,"O = NOR(I1),I1 = NOR(I2, I3),I2 = NOR(c),I3 = NOR(I4, I6),I4 = NOR(I5, b),I5 = NOR(a, b),I6 = NOR(a, I5)",40,3
11101100,"Or(~x[1], And(~x[0], ~x[2]))",4,"O = NOR(I1),I1 = NOR(I2, I3),I2 = NOR(c),I3 = NOR(b, a)",168,3
11101101,"Or(~x[1], And(~x[0], ~x[2]), And(x[0], x[2]))",7,"O = NOR(I1),I1 = NOR(I2, I3),I2 = NOR(c),I3 = NOR(I4, I6),I4 = NOR(I5, a),I5 = NOR(b, a),I6 = NOR(b, I5)",40,3
11101110,"Or(~x[0], ~x[1])",6,"O = NOR(I1),I1 = NOR(I2, I3),I2 = NOR(c),I3 = NOR(I4),I4 = NOR(I5, a),I5 = NOR(b)",8,2
11101111,"Or(~x[0], ~x[1], x[2])",6,"O = NOR(I1),I1 = NOR(I2, I3),I2 = NOR(c),I3 = NOR(I4),I4 = NOR(I5, a),I5 = NOR(b)",8,3
11110000,~x[2],5,"O = NOR(I1),I1 = NOR(I2, I3),I2 = NOR(c),I3 = NOR(I4),I4 = NOR(a, b)",2,1
11110001,"Or(~x[2], And(x[0], x[1]))",4,"O = NOR(I1, I3),I1 = NOR(I2, a),I2 = NOR(b),I3 = NOR(c, I2)",42,3
11110010,"Or(~x[2], And(~x[0], x[1]))",5,"O = NOR(I1),I1 = NOR(I2, I3),I2 = NOR(b),I3 = NOR(a, I4),I4 = NOR(c)",138,3
11110011,"Or(x[1], ~x[2])",5,"O = NOR(I1),I1 = NOR(I2, I3),I2 = NOR(b),I3 = NOR(I4),I4 = NOR(a, c)",2,2
11110100,"Or(~x[2], And(x[0], ~x[1]))",5,"O = NOR(I1),I1 = NOR(I2, I3),I2 = NOR(a),I3 = NOR(b, I4),I4 = NOR(c)",138,3
11110101,"Or(x[0], ~x[2])",5,"O = NOR(I1),I1 = NOR(I2, I3),I2 = NOR(b),I3 = NOR(I4),I4 = NOR(c, a)",2,2
11110110,"Or(~x[2], And(x[0], ~x[1]), And(~x[0], x[1]))",8,"O = NOR(I1),I1 = NOR(I2, I3),I2 = NOR(b),I3 = NOR(I4),I4 = NOR(I5, I7),I5 = NOR(a, I6),I6 = NOR(a, c),I7 = NOR(c, I6)",130,3
11110111,"Or(x[0], x[1], ~x[2])",5,"O = NOR(I1),I1 = NOR(I2, I3),I2 = NOR(b),I3 = NOR(I4),I4 = NOR(c, a)",2,3
11111000,"Or(~x[2], And(~x[0], ~x[1]))",4,"O = NOR(I1),I1 = NOR(I2, I3),I2 = NOR(b),I3 = NOR(c, a)",168,3
11111001,"Or(~x[2], And(~x[0], ~x[1]), And(x[0], x[1]))",7,"O = NOR(I1),I1 = NOR(I2, I3),I2 = NOR(b),I3 = NOR(I4, I6),I4 = NOR(I5, a),I5 = NOR(c, a),I6 = NOR(c, I5)",40,3
11111010,"Or(~x[0], ~x[2])",6,"O = NOR(I1),I1 = NOR(I2, I3),I2 = NOR(c),I3 = NOR(I4),I4 = NOR(I5, a),I5 = NOR(b)",8,2
11111011,"Or(~x[0], x[1], ~x[2])",6,"O = NOR(I1),I1 = NOR(I2, I3),I2 = NOR(b),I3 = NOR(I4),I4 = NOR(I5, a),I5 = NOR(c)",8,3
11111100,"Or(~x[1], ~x[2])",6,"O = NOR(I1),I1 = NOR(I2, I3),I2 = NOR(c),I3 = NOR(I4),I4 = NOR(I5, a),I5 = NOR(b)",8,2
11111101,"Or(x[0], ~x[1], ~x[2])",6,"O = NOR(I1),I1 = NOR(I2, I3),I2 = NOR(a),I3 = NOR(I4),I4 = NOR(I5, b),I5 = NOR(c)",8,3
11111110,"Or(~x[0], ~x[1], ~x[2])",7,"O = NOR(I1),I1 = NOR(I2, I3),I2 = NOR(c),I3 = NOR(I4),I4 = NOR(I5, I6),I5 = NOR(b),I6 = NOR(a)",128,3
11111111,1,4,"O = NOR(I1),I1 = NOR(a, I2),I2 = NOR(I3),I3 = NOR(b, c)",1,0
